TotalFundName,AssetClass,SubAssetClass,PoolFund,RiskPortfolioCode,PV,StandaloneAbsoluteVar,%GT PV,%GT StandaloneAbsoluteVar
BCI TOTAL FUND,BRIDGEWATER,BRIDGEWATER,BRIDGEWATER (E0400),E0400,1957.97,-296.92,1.39%,1.86%
BCI TOTAL FUND,EQUITY,ASIA,ACTIVE ASIAN EQUITY FUND (E0071N),E0071N,1.25,0.00,0.00%,0.00%
BCI TOTAL FUND,EQUITY,ASIA,ACTIVE ASIAN EQUITY FUND (E0071N),ME0017,1004.00,-199.71,0.71%,1.25%
BCI TOTAL FUND,EQUITY,ASIA,ACTIVE ASIAN EQUITY FUND (E0071N),ME0040,681.09,-120.39,0.48%,0.76%
BCI TOTAL FUND,EQUITY,ASIA,ACTIVE ASIAN EQUITY FUND (E0071N),ME0044,974.05,-195.70,0.69%,1.23%
BCI TOTAL FUND,EQUITY,CANADIAN EQUITY FUNDS,ACTIVE CANADIAN EQUITY FUND (E0060),AC5229,2709.75,-444.72,1.93%,2.79%
BCI TOTAL FUND,EQUITY,CANADIAN EQUITY FUNDS,ACTIVE CANADIAN EQUITY FUND (E0060),AC5230IN,1583.31,-283.61,1.13%,1.78%
BCI TOTAL FUND,EQUITY,CANADIAN EQUITY FUNDS,ACTIVE CANADIAN EQUITY FUND (E0060),E0060,45.35,-0.01,0.03%,0.00%
BCI TOTAL FUND,EQUITY,CANADIAN EQUITY FUNDS,ACTIVE CANADIAN SMALL CAP EQUITY FUND (E0053),AC053D,700.41,-115.05,0.50%,0.72%
BCI TOTAL FUND,EQUITY,CANADIAN EQUITY FUNDS,ACTIVE CANADIAN SMALL CAP EQUITY FUND (E0053),AC053EIN,206.18,-31.78,0.15%,0.20%
BCI TOTAL FUND,EQUITY,CANADIAN EQUITY FUNDS,ACTIVE CANADIAN SMALL CAP EQUITY FUND (E0053),E0053,8.62,0.00,0.01%,0.00%
BCI TOTAL FUND,EQUITY,CANADIAN EQUITY FUNDS,CANADIAN QUANTITATIVE ACTIVE EQUITY FUND (E0061),CE6103,0.00,0.00,0.00%,0.00%
BCI TOTAL FUND,EQUITY,CANADIAN EQUITY FUNDS,CANADIAN QUANTITATIVE ACTIVE EQUITY FUND (E0061),CE6104,2702.89,-611.76,1.92%,3.84%
BCI TOTAL FUND,EQUITY,CANADIAN EQUITY FUNDS,CANADIAN QUANTITATIVE ACTIVE EQUITY FUND (E0061),CE6105IN,515.90,-85.59,0.37%,0.54%
BCI TOTAL FUND,EQUITY,CANADIAN EQUITY FUNDS,CANADIAN QUANTITATIVE ACTIVE EQUITY FUND (E0061),E0061,4.91,0.00,0.00%,0.00%
BCI TOTAL FUND,EQUITY,CANADIAN EQUITY FUNDS,INDEXED CANADIAN EQUITY FUND (E0050),E0050,7647.86,-1270.99,5.44%,7.98%
BCI TOTAL FUND,EQUITY,EMERGING MARKETS,ACTIVE EMERGING MARKETS EQUITY FUND (E0170),E0170,241.03,-33.58,0.17%,0.21%
BCI TOTAL FUND,EQUITY,EMERGING MARKETS,ACTIVE EMERGING MARKETS EQUITY FUND (E0170),ME170C,420.79,-134.26,0.30%,0.84%
BCI TOTAL FUND,EQUITY,EMERGING MARKETS,ACTIVE EMERGING MARKETS EQUITY FUND (E0170),ME170D,497.11,-122.50,0.35%,0.77%
BCI TOTAL FUND,EQUITY,EMERGING MARKETS,ACTIVE EMERGING MARKETS EQUITY FUND (E0170),ME170E,1472.51,-296.59,1.05%,1.86%
BCI TOTAL FUND,EQUITY,EMERGING MARKETS,ACTIVE EMERGING MARKETS EQUITY FUND (E0170),ME170F,2041.97,-373.68,1.45%,2.35%
BCI TOTAL FUND,EQUITY,EMERGING MARKETS,ACTIVE EMERGING MARKETS EQUITY FUND (E0170),ME170G,331.53,-85.75,0.24%,0.54%
BCI TOTAL FUND,EQUITY,EMERGING MARKETS,ACTIVE EMERGING MARKETS EQUITY FUND (E0170),ME170J,728.76,-168.34,0.52%,1.06%
BCI TOTAL FUND,EQUITY,EMERGING MARKETS,ACTIVE EMERGING MARKETS EQUITY FUND (E0170),ME170K,354.35,-62.53,0.25%,0.39%
BCI TOTAL FUND,EQUITY,EMERGING MARKETS,ACTIVE EMERGING MARKETS EQUITY FUND (E0170),ME170L,2654.02,-603.15,1.89%,3.79%
BCI TOTAL FUND,EQUITY,EMERGING MARKETS,ACTIVE EMERGING MARKETS EQUITY FUND (E0170),ME170M,618.34,-134.11,0.44%,0.84%
BCI TOTAL FUND,EQUITY,EMERGING MARKETS,ACTIVE EMERGING MARKETS EQUITY FUND (E0170),ME170N,262.35,-62.46,0.19%,0.39%
BCI TOTAL FUND,EQUITY,EMERGING MARKETS,ACTIVE EMERGING MARKETS EQUITY FUND (E0170),ME170Q,243.30,-65.53,0.17%,0.41%
BCI TOTAL FUND,EQUITY,EMERGING MARKETS,ACTIVE EMERGING MARKETS EQUITY FUND (E0170),ME170R,235.49,-58.18,0.17%,0.37%
BCI TOTAL FUND,EQUITY,EMERGING MARKETS,ACTIVE EMERGING MARKETS EQUITY FUND (E0170),ME170SIN,10.65,-99.71,0.01%,0.63%
BCI TOTAL FUND,EQUITY,EMERGING MARKETS,INDEXED EMERGING MARKETS EQUITY FUND (E0171),E0171,215.52,-29.94,0.15%,0.19%
BCI TOTAL FUND,EQUITY,EMERGING MARKETS,INDEXED EMERGING MARKETS EQUITY FUND (E0171),ME171AIN,1931.92,-460.57,1.37%,2.89%
BCI TOTAL FUND,EQUITY,EQUITY HEDGE,CLIENT EQUITY HEDGE (RISKCEQ1),HY5060HG_EQ,13.23,-86.52,0.01%,0.54%
BCI TOTAL FUND,EQUITY,EUROPE,ACTIVE EUROPEAN EQUITY FUND (E0074),E0074,0.28,0.00,0.00%,0.00%
BCI TOTAL FUND,EQUITY,EUROPE,ACTIVE EUROPEAN EQUITY FUND (E0074),ME0025,2013.24,-498.68,1.43%,3.13%
BCI TOTAL FUND,EQUITY,EUROPE,ACTIVE EUROPEAN EQUITY FUND (E0074),ME0027,5.50,-0.82,0.00%,0.01%
BCI TOTAL FUND,EQUITY,GLOBAL,ACTIVE GLOBAL EQUITY FUND (E0173),E0173,3.65,-0.40,0.00%,0.00%
BCI TOTAL FUND,EQUITY,GLOBAL,ACTIVE GLOBAL EQUITY FUND (E0173),ME173B,1073.35,-154.07,0.76%,0.97%
BCI TOTAL FUND,EQUITY,GLOBAL,ACTIVE GLOBAL EQUITY FUND (E0173),ME173C,988.24,-178.91,0.70%,1.12%
BCI TOTAL FUND,EQUITY,GLOBAL,ACTIVE GLOBAL EQUITY FUND (E0173),ME173D,1181.86,-253.85,0.84%,1.59%
BCI TOTAL FUND,EQUITY,GLOBAL,GLOBAL QUANTITATIVE ACTIVE EQUITY FUND (E0176),E0176,221.79,-1.29,0.16%,0.01%
BCI TOTAL FUND,EQUITY,GLOBAL,GLOBAL QUANTITATIVE ACTIVE EQUITY FUND (E0176),ME176AIN,3016.44,-607.67,2.15%,3.81%
BCI TOTAL FUND,EQUITY,GLOBAL,INDEXED GLOBAL EQUITY FUND (E0175),E0175,2499.29,-35.58,1.78%,0.22%
BCI TOTAL FUND,EQUITY,GLOBAL,INDEXED GLOBAL EQUITY FUND (E0175),ME175AIN,9040.84,-1652.97,6.43%,10.37%
BCI TOTAL FUND,EQUITY,GLOBAL,INDEXED GLOBAL ESG EQUITY FUND (E0177),E0177,-0.25,0.00,0.00%,0.00%
BCI TOTAL FUND,EQUITY,GLOBAL,INDEXED GLOBAL ESG EQUITY FUND (E0177),ME177AIN,3963.80,-686.65,2.82%,4.31%
BCI TOTAL FUND,EQUITY,GLOBAL,THEMATIC PUBLIC EQUITY FUND (E0178),E0178,30.78,-4.21,0.02%,0.03%
BCI TOTAL FUND,EQUITY,GLOBAL,THEMATIC PUBLIC EQUITY FUND (E0178),ME178AIN,1080.32,-212.27,0.77%,1.33%
BCI TOTAL FUND,EQUITY,GLOBAL,THEMATIC PUBLIC EQUITY FUND (E0178),ME178B,179.40,-33.78,0.13%,0.21%
BCI TOTAL FUND,EQUITY,GLOBAL,THEMATIC PUBLIC EQUITY FUND (E0178),ME178C,124.78,-21.90,0.09%,0.14%
BCI TOTAL FUND,EQUITY,U.S EQUITY FUNDS,ACTIVE U.S. SMALL CAP EQUITY FUND (E0063),AU063C,213.26,-44.01,0.15%,0.28%
BCI TOTAL FUND,EQUITY,U.S EQUITY FUNDS,ACTIVE U.S. SMALL CAP EQUITY FUND (E0063),AU063D,625.31,-109.46,0.44%,0.69%
BCI TOTAL FUND,EQUITY,U.S EQUITY FUNDS,ACTIVE U.S. SMALL CAP EQUITY FUND (E0063),AU063E,0.21,-0.03,0.00%,0.00%
BCI TOTAL FUND,EQUITY,U.S EQUITY FUNDS,ACTIVE U.S. SMALL CAP EQUITY FUND (E0063),AU063F,261.67,-53.70,0.19%,0.34%
BCI TOTAL FUND,EQUITY,U.S EQUITY FUNDS,ACTIVE U.S. SMALL CAP EQUITY FUND (E0063),E0063,1.90,-0.26,0.00%,0.00%
BCI TOTAL FUND,EQUITY,U.S EQUITY FUNDS,INDEXED U.S. EQUITY FUND (E0057),E0057,7021.81,-1226.51,4.99%,7.70%
BCI TOTAL FUND,FIXED INCOME,BOND FUNDS,CANADIAN REAL RETURN BOND FUND (E0365),E0365,1501.33,-178.86,1.07%,1.12%
BCI TOTAL FUND,FIXED INCOME,BOND FUNDS,CANADIAN UNIVERSE BOND FUND (E0355),E0355,17895.04,-997.44,12.73%,6.26%
BCI TOTAL FUND,FIXED INCOME,BOND FUNDS,FLOATING RATE FUNDS CDOR (E0CDOR01),E0CDOR01,2987.62,-18.45,2.12%,0.12%
BCI TOTAL FUND,FIXED INCOME,BOND FUNDS,FLOATING RATE FUNDS LIBOR (E0LIBOR1),E0LIBOR1,821.55,-114.09,0.58%,0.72%
BCI TOTAL FUND,FIXED INCOME,BOND FUNDS,GLOBAL GOVERNMENT BOND FUND (E0360),E0360,759.57,-101.56,0.54%,0.64%
BCI TOTAL FUND,FIXED INCOME,BOND FUNDS,GLOBAL GOVERNMENT BOND FUND (E0360),F0360,16.23,-112.38,0.01%,0.71%
BCI TOTAL FUND,FIXED INCOME,BOND FUNDS,HIGH YIELD BOND FUND (E0370),E0370,946.88,-98.89,0.67%,0.62%
BCI TOTAL FUND,FIXED INCOME,BOND FUNDS,HIGH YIELD BOND FUND (E0370),F0370,-0.81,-18.94,0.00%,0.12%
BCI TOTAL FUND,FIXED INCOME,BOND FUNDS,NEUTRALIZATION FLOATING RATE FUNDS (RISKNEUFR),E0CDOR01 (RISKNEUFR),-2987.05,-23.47,-2.12%,0.15%
BCI TOTAL FUND,FIXED INCOME,BOND FUNDS,NEUTRALIZATION FLOATING RATE FUNDS (RISKNEUFR),E0LIBOR1 (RISKNEUFR),-818.10,-145.42,-0.58%,0.91%
BCI TOTAL FUND,FIXED INCOME,BOND FUNDS,SHORT TERM BOND FUND (E0340),E0340,1268.61,-29.42,0.90%,0.18%
BCI TOTAL FUND,FIXED INCOME,FIXED INCOME HEDGE,CLIENT FIXED INCOME HEDGE (RISKCFI1),MU5030HG_FI,4.20,-51.42,0.00%,0.32%
BCI TOTAL FUND,FIXED INCOME,FIXED INCOME HEDGE,CLIENT FIXED INCOME HEDGE (RISKCFI1),PS5020HG_FI,3.65,-36.34,0.00%,0.23%
BCI TOTAL FUND,FIXED INCOME,FIXED INCOME HEDGE,CLIENT FIXED INCOME HEDGE (RISKCFI1),TE5040HG_FI,4.09,-39.71,0.00%,0.25%
BCI TOTAL FUND,FIXED INCOME,FIXED INCOME HEDGE,CLIENT FIXED INCOME HEDGE (RISKCFI1),WC5030HG_FI,0.25,-3.16,0.00%,0.02%
BCI TOTAL FUND,FIXED INCOME,SHORT TERM FUNDS,CANADIAN MONEY MARKET FUND (ST1) (E0006),E0006,923.69,-0.15,0.66%,0.00%
BCI TOTAL FUND,FIXED INCOME,SHORT TERM FUNDS,CANADIAN MONEY MARKET FUND (ST2) (E0010),E0010,5273.33,-7.31,3.75%,0.05%
BCI TOTAL FUND,FIXED INCOME,SHORT TERM FUNDS,HEDGING MISCELLANEOUS CASH (RUMCA),CO5070HG_CASH,0.00,0.00,0.00%,0.00%
BCI TOTAL FUND,FIXED INCOME,SHORT TERM FUNDS,HEDGING MISCELLANEOUS CASH (RUMCA),E0006 (RUMCA),0.07,0.00,0.00%,0.00%
BCI TOTAL FUND,FIXED INCOME,SHORT TERM FUNDS,HEDGING MISCELLANEOUS CASH (RUMCA),E0010 (RUMCA),0.01,0.00,0.00%,0.00%
BCI TOTAL FUND,FIXED INCOME,SHORT TERM FUNDS,HEDGING MISCELLANEOUS CASH (RUMCA),E0020 (RUMCA),0.01,0.00,0.00%,0.00%
BCI TOTAL FUND,FIXED INCOME,SHORT TERM FUNDS,HEDGING MISCELLANEOUS CASH (RUMCA),E0RRH200,-0.01,,0.00%,
BCI TOTAL FUND,FIXED INCOME,SHORT TERM FUNDS,HEDGING MISCELLANEOUS CASH (RUMCA),E0SIP101,0.15,0.00,0.00%,0.00%
BCI TOTAL FUND,FIXED INCOME,SHORT TERM FUNDS,HEDGING MISCELLANEOUS CASH (RUMCA),E0SIP102,19.00,-2.65,0.01%,0.02%
BCI TOTAL FUND,FIXED INCOME,SHORT TERM FUNDS,HEDGING MISCELLANEOUS CASH (RUMCA),E0SIP201,0.10,,0.00%,
BCI TOTAL FUND,FIXED INCOME,SHORT TERM FUNDS,HEDGING MISCELLANEOUS CASH (RUMCA),ESITEUBC,0.01,,0.00%,
BCI TOTAL FUND,FIXED INCOME,SHORT TERM FUNDS,HEDGING MISCELLANEOUS CASH (RUMCA),ESITHP,0.00,0.00,0.00%,0.00%
BCI TOTAL FUND,FIXED INCOME,SHORT TERM FUNDS,HEDGING MISCELLANEOUS CASH (RUMCA),ESITUBC,0.01,0.00,0.00%,0.00%
BCI TOTAL FUND,FIXED INCOME,SHORT TERM FUNDS,HEDGING MISCELLANEOUS CASH (RUMCA),HB1000HG_CASH,0.00,,0.00%,
BCI TOTAL FUND,FIXED INCOME,SHORT TERM FUNDS,HEDGING MISCELLANEOUS CASH (RUMCA),HY5060HG_CASH,0.00,0.00,0.00%,0.00%
BCI TOTAL FUND,FIXED INCOME,SHORT TERM FUNDS,HEDGING MISCELLANEOUS CASH (RUMCA),MU5030HG_CASH,0.00,0.00,0.00%,0.00%
BCI TOTAL FUND,FIXED INCOME,SHORT TERM FUNDS,HEDGING MISCELLANEOUS CASH (RUMCA),PS5020HG_CASH,0.00,0.00,0.00%,0.00%
BCI TOTAL FUND,FIXED INCOME,SHORT TERM FUNDS,HEDGING MISCELLANEOUS CASH (RUMCA),TE5040HG_CASH,0.00,0.00,0.00%,0.00%
BCI TOTAL FUND,FIXED INCOME,SHORT TERM FUNDS,HEDGING MISCELLANEOUS CASH (RUMCA),UB1003HG_CASH,0.00,,0.00%,
BCI TOTAL FUND,FIXED INCOME,SHORT TERM FUNDS,HEDGING MISCELLANEOUS CASH (RUMCA),WC1650HG_CASH,-0.28,0.00,0.00%,0.00%
BCI TOTAL FUND,FIXED INCOME,SHORT TERM FUNDS,HEDGING MISCELLANEOUS CASH (RUMCA),WC5030HG_CASH,0.00,0.00,0.00%,0.00%
BCI TOTAL FUND,FIXED INCOME,SHORT TERM FUNDS,NEUTRALIZATION SHORT TERM FUNDS (RISKNEUST),E0006 (RISKNEUST),-270.36,-0.09,-0.19%,0.00%
BCI TOTAL FUND,FIXED INCOME,SHORT TERM FUNDS,NEUTRALIZATION SHORT TERM FUNDS (RISKNEUST),E0010 (RISKNEUST),-151.35,-0.41,-0.11%,0.00%
BCI TOTAL FUND,FIXED INCOME,SHORT TERM FUNDS,NEUTRALIZATION SHORT TERM FUNDS (RISKNEUST),E0020 (RISKNEUST),-45.62,-8.18,-0.03%,0.05%
BCI TOTAL FUND,FIXED INCOME,SHORT TERM FUNDS,US DOLLAR MONEY MARKET FUND (ST3) (E0020),E0020,209.84,-29.26,0.15%,0.18%
BCI TOTAL FUND,INFRASTRUCTURE & RENEWABLE,INFRASTRUCTURE FUNDS,INFRASTRUCTURE FUNDS (RISKIN01),CO5070HG_IN,3.17,-19.20,0.00%,0.12%
BCI TOTAL FUND,INFRASTRUCTURE & RENEWABLE,INFRASTRUCTURE FUNDS,INFRASTRUCTURE FUNDS (RISKIN01),HB1000HG_IN,0.30,-2.36,0.00%,0.01%
BCI TOTAL FUND,INFRASTRUCTURE & RENEWABLE,INFRASTRUCTURE FUNDS,INFRASTRUCTURE FUNDS (RISKIN01),HY5060HG_IN,1.02,-7.07,0.00%,0.04%
BCI TOTAL FUND,INFRASTRUCTURE & RENEWABLE,INFRASTRUCTURE FUNDS,INFRASTRUCTURE FUNDS (RISKIN01),MI4179HG_IN,0.28,-1.92,0.00%,0.01%
BCI TOTAL FUND,INFRASTRUCTURE & RENEWABLE,INFRASTRUCTURE FUNDS,INFRASTRUCTURE FUNDS (RISKIN01),MU5030HG_IN,34.72,-209.67,0.02%,1.32%
BCI TOTAL FUND,INFRASTRUCTURE & RENEWABLE,INFRASTRUCTURE FUNDS,INFRASTRUCTURE FUNDS (RISKIN01),PS5020HG_IN,26.63,-155.76,0.02%,0.98%
BCI TOTAL FUND,INFRASTRUCTURE & RENEWABLE,INFRASTRUCTURE FUNDS,INFRASTRUCTURE FUNDS (RISKIN01),RISKIN01,11102.29,-1431.20,7.90%,8.98%
BCI TOTAL FUND,INFRASTRUCTURE & RENEWABLE,INFRASTRUCTURE FUNDS,INFRASTRUCTURE FUNDS (RISKIN01),TE5040HG_IN,23.99,-140.21,0.02%,0.88%
BCI TOTAL FUND,INFRASTRUCTURE & RENEWABLE,INFRASTRUCTURE FUNDS,INFRASTRUCTURE FUNDS (RISKIN01),UB1003HG_IN,0.30,-1.73,0.00%,0.01%
BCI TOTAL FUND,INFRASTRUCTURE & RENEWABLE,INFRASTRUCTURE FUNDS,INFRASTRUCTURE FUNDS (RISKIN01),WC1650HG_IN,13.57,-81.96,0.01%,0.51%
BCI TOTAL FUND,INFRASTRUCTURE & RENEWABLE,INFRASTRUCTURE FUNDS,INFRASTRUCTURE FUNDS (RISKIN01),WC5030HG_IN,1.27,-7.76,0.00%,0.05%
BCI TOTAL FUND,INFRASTRUCTURE & RENEWABLE,RENEWABLE RESOURCE INVESTMENT FUND,RENEWABLE RESOURCE INVESTMENT FUND (RISKRR01),CO5070HG_RR,0.60,-2.83,0.00%,0.02%
BCI TOTAL FUND,INFRASTRUCTURE & RENEWABLE,RENEWABLE RESOURCE INVESTMENT FUND,RENEWABLE RESOURCE INVESTMENT FUND (RISKRR01),HY5060HG_RR,0.37,-1.52,0.00%,0.01%
BCI TOTAL FUND,INFRASTRUCTURE & RENEWABLE,RENEWABLE RESOURCE INVESTMENT FUND,RENEWABLE RESOURCE INVESTMENT FUND (RISKRR01),MU5030HG_RR,7.50,-33.99,0.01%,0.21%
BCI TOTAL FUND,INFRASTRUCTURE & RENEWABLE,RENEWABLE RESOURCE INVESTMENT FUND,RENEWABLE RESOURCE INVESTMENT FUND (RISKRR01),PS5020HG_RR,4.20,-18.67,0.00%,0.12%
BCI TOTAL FUND,INFRASTRUCTURE & RENEWABLE,RENEWABLE RESOURCE INVESTMENT FUND,RENEWABLE RESOURCE INVESTMENT FUND (RISKRR01),RISKRR01,2092.28,-333.35,1.49%,2.09%
BCI TOTAL FUND,INFRASTRUCTURE & RENEWABLE,RENEWABLE RESOURCE INVESTMENT FUND,RENEWABLE RESOURCE INVESTMENT FUND (RISKRR01),TE5040HG_RR,3.01,-14.16,0.00%,0.09%
BCI TOTAL FUND,INFRASTRUCTURE & RENEWABLE,RENEWABLE RESOURCE INVESTMENT FUND,RENEWABLE RESOURCE INVESTMENT FUND (RISKRR01),WC1650HG_RR,1.79,-8.76,0.00%,0.05%
BCI TOTAL FUND,INFRASTRUCTURE & RENEWABLE,RENEWABLE RESOURCE INVESTMENT FUND,RENEWABLE RESOURCE INVESTMENT FUND (RISKRR01),WC5030HG_RR,0.23,-1.14,0.00%,0.01%
BCI TOTAL FUND,MORTGAGE,MORTGAGE FUNDS,CONSTRUCTION MORTGAGE FUND (E0041),E0041,1057.01,-17.98,0.75%,0.11%
BCI TOTAL FUND,MORTGAGE,MORTGAGE FUNDS,FIXED TERM MORTGAGE FUND (E0040),E0040,1592.29,-31.98,1.13%,0.20%
BCI TOTAL FUND,MORTGAGE,MORTGAGE FUNDS,MEZZANINE MORTGAGE FUND (E0042),E0042,187.50,-12.53,0.13%,0.08%
BCI TOTAL FUND,MORTGAGE,MORTGAGE FUNDS,US MORTGAGE OPPORTUNITY FUND (E0043),CO5070HG_MTG,0.25,-1.81,0.00%,0.01%
BCI TOTAL FUND,MORTGAGE,MORTGAGE FUNDS,US MORTGAGE OPPORTUNITY FUND (E0043),E0043,317.86,-43.82,0.23%,0.27%
BCI TOTAL FUND,MORTGAGE,MORTGAGE FUNDS,US MORTGAGE OPPORTUNITY FUND (E0043),HY5060HG_MTG,0.19,-1.38,0.00%,0.01%
BCI TOTAL FUND,MORTGAGE,MORTGAGE FUNDS,US MORTGAGE OPPORTUNITY FUND (E0043),MU5030HG_MTG,3.11,-22.90,0.00%,0.14%
BCI TOTAL FUND,MORTGAGE,MORTGAGE FUNDS,US MORTGAGE OPPORTUNITY FUND (E0043),PS5020HG_MTG,1.91,-14.08,0.00%,0.09%
BCI TOTAL FUND,MORTGAGE,MORTGAGE FUNDS,US MORTGAGE OPPORTUNITY FUND (E0043),TE5040HG_MTG,1.44,-10.63,0.00%,0.07%
BCI TOTAL FUND,MORTGAGE,MORTGAGE FUNDS,US MORTGAGE OPPORTUNITY FUND (E0043),WC1650HG_MTG,1.14,-8.40,0.00%,0.05%
BCI TOTAL FUND,MORTGAGE,MORTGAGE FUNDS,US MORTGAGE OPPORTUNITY FUND (E0043),WC5030HG_MTG,0.11,-0.82,0.00%,0.01%
BCI TOTAL FUND,PRIVATE EQUITY,PRIVATE EQUITY FUNDS,PRIVATE EQUITY VINTAGE FUNDS (RISKPE01),RISKPE01,9496.73,-2569.52,6.75%,16.12%
BCI TOTAL FUND,REAL ESTATE,REAL ESTATE FUNDS,REALPOOL GLOBAL (E0084),CO5070HG_RE,3.18,-28.10,0.00%,0.18%
BCI TOTAL FUND,REAL ESTATE,REAL ESTATE FUNDS,REALPOOL GLOBAL (E0084),E0084,2452.92,-759.62,1.74%,4.77%
BCI TOTAL FUND,REAL ESTATE,REAL ESTATE FUNDS,REALPOOL GLOBAL (E0084),E0088,-1.74,,0.00%,
BCI TOTAL FUND,REAL ESTATE,REAL ESTATE FUNDS,REALPOOL GLOBAL (E0084),HY5060HG_RE,0.06,-0.56,0.00%,0.00%
BCI TOTAL FUND,REAL ESTATE,REAL ESTATE FUNDS,REALPOOL GLOBAL (E0084),MU5030HG_RE,27.77,-245.21,0.02%,1.54%
BCI TOTAL FUND,REAL ESTATE,REAL ESTATE FUNDS,REALPOOL GLOBAL (E0084),PS5020HG_RE,16.08,-142.01,0.01%,0.89%
BCI TOTAL FUND,REAL ESTATE,REAL ESTATE FUNDS,REALPOOL GLOBAL (E0084),TE5040HG_RE,15.31,-135.13,0.01%,0.85%
BCI TOTAL FUND,REAL ESTATE,REAL ESTATE FUNDS,REALPOOL GLOBAL (E0084),WC1650HG_RE,12.49,-105.25,0.01%,0.66%
BCI TOTAL FUND,REAL ESTATE,REAL ESTATE FUNDS,REALPOOL GLOBAL (E0084),WC5030HG_RE,0.85,-7.52,0.00%,0.05%
BCI TOTAL FUND,REAL ESTATE,REAL ESTATE FUNDS,REALPOOL INVESTMENT FUND (E0080),E0080,15528.98,-3068.26,11.04%,19.25%
BCI TOTAL FUND,SEGREGATED ASSETS,SEGREGATED ASSETS,CO50RRCASH (RISKCO50RRCASH),CO5070_CASH,-23.41,-0.02,-0.02%,0.00%
BCI TOTAL FUND,SEGREGATED ASSETS,SEGREGATED ASSETS,CO50RRCASH (RISKCO50RRCASH),CO5074_CASH,-0.01,,0.00%,
BCI TOTAL FUND,SEGREGATED ASSETS,SEGREGATED ASSETS,CO50RRCASH (RISKCO50RRCASH),CO5077_CASH,0.00,,0.00%,
BCI TOTAL FUND,SEGREGATED ASSETS,SEGREGATED ASSETS,CO50RRFI (RISKCO50RRFI),CO5074_FI,2.76,-0.43,0.00%,0.00%
BCI TOTAL FUND,SEGREGATED ASSETS,SEGREGATED ASSETS,HB10RRCASH (RISKHB10RRCASH),HB1000_CASH,-0.04,0.00,0.00%,0.00%
BCI TOTAL FUND,SEGREGATED ASSETS,SEGREGATED ASSETS,HY50RRCASH (RISKHY50RRCASH),HY1001_CASH,0.00,,0.00%,
BCI TOTAL FUND,SEGREGATED ASSETS,SEGREGATED ASSETS,HY50RRCASH (RISKHY50RRCASH),HY5060_CASH,-0.11,-0.02,0.00%,0.00%
BCI TOTAL FUND,SEGREGATED ASSETS,SEGREGATED ASSETS,HY50RRCASH (RISKHY50RRCASH),HY5067_CASH,0.00,,0.00%,
BCI TOTAL FUND,SEGREGATED ASSETS,SEGREGATED ASSETS,MU50RRCASH (RISKMU50RRCASH),MU5030_CASH,-35.54,-0.21,-0.03%,0.00%
BCI TOTAL FUND,SEGREGATED ASSETS,SEGREGATED ASSETS,MU50RRCASH (RISKMU50RRCASH),MU5037_CASH,-0.01,,0.00%,
BCI TOTAL FUND,SEGREGATED ASSETS,SEGREGATED ASSETS,OTHER CLIENTS (RISKOTHER CLIENTS),AR8105,56.92,-2.61,0.04%,0.02%
BCI TOTAL FUND,SEGREGATED ASSETS,SEGREGATED ASSETS,OTHER CLIENTS (RISKOTHER CLIENTS),AR8151,-0.03,,0.00%,
BCI TOTAL FUND,SEGREGATED ASSETS,SEGREGATED ASSETS,OTHER CLIENTS (RISKOTHER CLIENTS),AR9151,55.64,-10.80,0.04%,0.07%
BCI TOTAL FUND,SEGREGATED ASSETS,SEGREGATED ASSETS,OTHER CLIENTS (RISKOTHER CLIENTS),BC0100,0.00,,0.00%,
BCI TOTAL FUND,SEGREGATED ASSETS,SEGREGATED ASSETS,OTHER CLIENTS (RISKOTHER CLIENTS),BC0110,0.00,,0.00%,
BCI TOTAL FUND,SEGREGATED ASSETS,SEGREGATED ASSETS,OTHER CLIENTS (RISKOTHER CLIENTS),BC5305,39.23,-2.17,0.03%,0.01%
BCI TOTAL FUND,SEGREGATED ASSETS,SEGREGATED ASSETS,OTHER CLIENTS (RISKOTHER CLIENTS),BC5310,71.52,-3.20,0.05%,0.02%
BCI TOTAL FUND,SEGREGATED ASSETS,SEGREGATED ASSETS,OTHER CLIENTS (RISKOTHER CLIENTS),BC5313,0.00,,0.00%,
BCI TOTAL FUND,SEGREGATED ASSETS,SEGREGATED ASSETS,OTHER CLIENTS (RISKOTHER CLIENTS),BC5315,0.00,,0.00%,
BCI TOTAL FUND,SEGREGATED ASSETS,SEGREGATED ASSETS,OTHER CLIENTS (RISKOTHER CLIENTS),CU1010,614.36,-13.95,0.44%,0.09%
BCI TOTAL FUND,SEGREGATED ASSETS,SEGREGATED ASSETS,OTHER CLIENTS (RISKOTHER CLIENTS),FR1001,0.00,,0.00%,
BCI TOTAL FUND,SEGREGATED ASSETS,SEGREGATED ASSETS,OTHER CLIENTS (RISKOTHER CLIENTS),HF5000,5.97,-0.27,0.00%,0.00%
BCI TOTAL FUND,SEGREGATED ASSETS,SEGREGATED ASSETS,OTHER CLIENTS (RISKOTHER CLIENTS),MI0110,0.00,,0.00%,
BCI TOTAL FUND,SEGREGATED ASSETS,SEGREGATED ASSETS,OTHER CLIENTS (RISKOTHER CLIENTS),MI3010,3.20,-0.14,0.00%,0.00%
BCI TOTAL FUND,SEGREGATED ASSETS,SEGREGATED ASSETS,OTHER CLIENTS (RISKOTHER CLIENTS),MI3048,5.55,-0.29,0.00%,0.00%
BCI TOTAL FUND,SEGREGATED ASSETS,SEGREGATED ASSETS,OTHER CLIENTS (RISKOTHER CLIENTS),MI3078,3.05,-0.05,0.00%,0.00%
BCI TOTAL FUND,SEGREGATED ASSETS,SEGREGATED ASSETS,OTHER CLIENTS (RISKOTHER CLIENTS),MI3128,1.22,-0.08,0.00%,0.00%
BCI TOTAL FUND,SEGREGATED ASSETS,SEGREGATED ASSETS,OTHER CLIENTS (RISKOTHER CLIENTS),MI3277,2.09,-0.04,0.00%,0.00%
BCI TOTAL FUND,SEGREGATED ASSETS,SEGREGATED ASSETS,OTHER CLIENTS (RISKOTHER CLIENTS),MI3283,12.97,-0.30,0.01%,0.00%
BCI TOTAL FUND,SEGREGATED ASSETS,SEGREGATED ASSETS,OTHER CLIENTS (RISKOTHER CLIENTS),MI3284,6.19,-0.13,0.00%,0.00%
BCI TOTAL FUND,SEGREGATED ASSETS,SEGREGATED ASSETS,OTHER CLIENTS (RISKOTHER CLIENTS),MI3293,12.00,-0.36,0.01%,0.00%
BCI TOTAL FUND,SEGREGATED ASSETS,SEGREGATED ASSETS,OTHER CLIENTS (RISKOTHER CLIENTS),MI3297,1.64,-0.07,0.00%,0.00%
BCI TOTAL FUND,SEGREGATED ASSETS,SEGREGATED ASSETS,OTHER CLIENTS (RISKOTHER CLIENTS),MI3302,6.08,-0.25,0.00%,0.00%
BCI TOTAL FUND,SEGREGATED ASSETS,SEGREGATED ASSETS,OTHER CLIENTS (RISKOTHER CLIENTS),MI3304,8.39,-0.36,0.01%,0.00%
BCI TOTAL FUND,SEGREGATED ASSETS,SEGREGATED ASSETS,OTHER CLIENTS (RISKOTHER CLIENTS),MI3306,3.35,-0.15,0.00%,0.00%
BCI TOTAL FUND,SEGREGATED ASSETS,SEGREGATED ASSETS,OTHER CLIENTS (RISKOTHER CLIENTS),MI3307,3.05,-0.14,0.00%,0.00%
BCI TOTAL FUND,SEGREGATED ASSETS,SEGREGATED ASSETS,OTHER CLIENTS (RISKOTHER CLIENTS),MI3328,1.68,-0.12,0.00%,0.00%
BCI TOTAL FUND,SEGREGATED ASSETS,SEGREGATED ASSETS,OTHER CLIENTS (RISKOTHER CLIENTS),MI3329,2.64,-0.19,0.00%,0.00%
BCI TOTAL FUND,SEGREGATED ASSETS,SEGREGATED ASSETS,OTHER CLIENTS (RISKOTHER CLIENTS),MI3339,0.81,-0.07,0.00%,0.00%
BCI TOTAL FUND,SEGREGATED ASSETS,SEGREGATED ASSETS,OTHER CLIENTS (RISKOTHER CLIENTS),MI3344,3.99,-0.34,0.00%,0.00%
BCI TOTAL FUND,SEGREGATED ASSETS,SEGREGATED ASSETS,OTHER CLIENTS (RISKOTHER CLIENTS),MI3349,0.91,-0.08,0.00%,0.00%
BCI TOTAL FUND,SEGREGATED ASSETS,SEGREGATED ASSETS,OTHER CLIENTS (RISKOTHER CLIENTS),MI3350,4.57,-0.43,0.00%,0.00%
BCI TOTAL FUND,SEGREGATED ASSETS,SEGREGATED ASSETS,OTHER CLIENTS (RISKOTHER CLIENTS),MI3351,26.89,-4.07,0.02%,0.03%
BCI TOTAL FUND,SEGREGATED ASSETS,SEGREGATED ASSETS,OTHER CLIENTS (RISKOTHER CLIENTS),MI3357,4.06,-0.64,0.00%,0.00%
BCI TOTAL FUND,SEGREGATED ASSETS,SEGREGATED ASSETS,OTHER CLIENTS (RISKOTHER CLIENTS),MI3360,2.61,-0.26,0.00%,0.00%
BCI TOTAL FUND,SEGREGATED ASSETS,SEGREGATED ASSETS,OTHER CLIENTS (RISKOTHER CLIENTS),MI3365,0.22,-0.01,0.00%,0.00%
BCI TOTAL FUND,SEGREGATED ASSETS,SEGREGATED ASSETS,OTHER CLIENTS (RISKOTHER CLIENTS),MI3366,0.97,-0.10,0.00%,0.00%
BCI TOTAL FUND,SEGREGATED ASSETS,SEGREGATED ASSETS,OTHER CLIENTS (RISKOTHER CLIENTS),MI3370,7.22,-0.77,0.01%,0.00%
BCI TOTAL FUND,SEGREGATED ASSETS,SEGREGATED ASSETS,OTHER CLIENTS (RISKOTHER CLIENTS),MI3378,1.63,-0.26,0.00%,0.00%
BCI TOTAL FUND,SEGREGATED ASSETS,SEGREGATED ASSETS,OTHER CLIENTS (RISKOTHER CLIENTS),MI3385,8.97,-0.07,0.01%,0.00%
BCI TOTAL FUND,SEGREGATED ASSETS,SEGREGATED ASSETS,OTHER CLIENTS (RISKOTHER CLIENTS),MI3387,1.62,-0.27,0.00%,0.00%
BCI TOTAL FUND,SEGREGATED ASSETS,SEGREGATED ASSETS,OTHER CLIENTS (RISKOTHER CLIENTS),MI3390,1.20,-0.20,0.00%,0.00%
BCI TOTAL FUND,SEGREGATED ASSETS,SEGREGATED ASSETS,OTHER CLIENTS (RISKOTHER CLIENTS),MI3397,0.76,-0.02,0.00%,0.00%
BCI TOTAL FUND,SEGREGATED ASSETS,SEGREGATED ASSETS,OTHER CLIENTS (RISKOTHER CLIENTS),MI3403,9.22,-0.74,0.01%,0.00%
BCI TOTAL FUND,SEGREGATED ASSETS,SEGREGATED ASSETS,OTHER CLIENTS (RISKOTHER CLIENTS),MI3404,1.29,-0.15,0.00%,0.00%
BCI TOTAL FUND,SEGREGATED ASSETS,SEGREGATED ASSETS,OTHER CLIENTS (RISKOTHER CLIENTS),MI3406,1.30,-0.04,0.00%,0.00%
BCI TOTAL FUND,SEGREGATED ASSETS,SEGREGATED ASSETS,OTHER CLIENTS (RISKOTHER CLIENTS),MI3419,16.53,-3.06,0.01%,0.02%
BCI TOTAL FUND,SEGREGATED ASSETS,SEGREGATED ASSETS,OTHER CLIENTS (RISKOTHER CLIENTS),MI3420,0.59,-0.06,0.00%,0.00%
BCI TOTAL FUND,SEGREGATED ASSETS,SEGREGATED ASSETS,OTHER CLIENTS (RISKOTHER CLIENTS),MI4010,124.20,-1.62,0.09%,0.01%
BCI TOTAL FUND,SEGREGATED ASSETS,SEGREGATED ASSETS,OTHER CLIENTS (RISKOTHER CLIENTS),MI4105,0.00,,0.00%,
BCI TOTAL FUND,SEGREGATED ASSETS,SEGREGATED ASSETS,OTHER CLIENTS (RISKOTHER CLIENTS),MI4138,0.00,,0.00%,
BCI TOTAL FUND,SEGREGATED ASSETS,SEGREGATED ASSETS,OTHER CLIENTS (RISKOTHER CLIENTS),MI4145,0.00,,0.00%,
BCI TOTAL FUND,SEGREGATED ASSETS,SEGREGATED ASSETS,OTHER CLIENTS (RISKOTHER CLIENTS),MI4163,0.00,,0.00%,
BCI TOTAL FUND,SEGREGATED ASSETS,SEGREGATED ASSETS,OTHER CLIENTS (RISKOTHER CLIENTS),MI4166,13.68,-0.37,0.01%,0.00%
BCI TOTAL FUND,SEGREGATED ASSETS,SEGREGATED ASSETS,OTHER CLIENTS (RISKOTHER CLIENTS),MI4175,0.00,,0.00%,
BCI TOTAL FUND,SEGREGATED ASSETS,SEGREGATED ASSETS,OTHER CLIENTS (RISKOTHER CLIENTS),MI4179,0.05,-0.01,0.00%,0.00%
BCI TOTAL FUND,SEGREGATED ASSETS,SEGREGATED ASSETS,OTHER CLIENTS (RISKOTHER CLIENTS),MI4180,0.00,,0.00%,
BCI TOTAL FUND,SEGREGATED ASSETS,SEGREGATED ASSETS,OTHER CLIENTS (RISKOTHER CLIENTS),MI5000,101.24,-14.36,0.07%,0.09%
BCI TOTAL FUND,SEGREGATED ASSETS,SEGREGATED ASSETS,OTHER CLIENTS (RISKOTHER CLIENTS),MI9808,154.37,-24.13,0.11%,0.15%
BCI TOTAL FUND,SEGREGATED ASSETS,SEGREGATED ASSETS,OTHER CLIENTS (RISKOTHER CLIENTS),MI9809,43.32,-8.53,0.03%,0.05%
BCI TOTAL FUND,SEGREGATED ASSETS,SEGREGATED ASSETS,OTHER CLIENTS (RISKOTHER CLIENTS),ML5080,0.00,,0.00%,
BCI TOTAL FUND,SEGREGATED ASSETS,SEGREGATED ASSETS,OTHER CLIENTS (RISKOTHER CLIENTS),PE2000,0.00,0.00,0.00%,0.00%
BCI TOTAL FUND,SEGREGATED ASSETS,SEGREGATED ASSETS,PS50RRCASH (RISKPS50RRCASH),PS5020_CASH,-17.91,-0.16,-0.01%,0.00%
BCI TOTAL FUND,SEGREGATED ASSETS,SEGREGATED ASSETS,PS50RRCASH (RISKPS50RRCASH),PS5024_CASH,-0.07,,0.00%,
BCI TOTAL FUND,SEGREGATED ASSETS,SEGREGATED ASSETS,PS50RRCASH (RISKPS50RRCASH),PS5027_CASH,-0.01,,0.00%,
BCI TOTAL FUND,SEGREGATED ASSETS,SEGREGATED ASSETS,PS50RRFI (RISKPS50RRFI),PS5024_FI,18.24,-2.87,0.01%,0.02%
BCI TOTAL FUND,SEGREGATED ASSETS,SEGREGATED ASSETS,TE50RRCASH (RISKTE50RRCASH),TE5040_CASH,-21.41,-0.15,-0.02%,0.00%
BCI TOTAL FUND,SEGREGATED ASSETS,SEGREGATED ASSETS,TE50RRCASH (RISKTE50RRCASH),TE5044_CASH,-0.03,,0.00%,
BCI TOTAL FUND,SEGREGATED ASSETS,SEGREGATED ASSETS,TE50RRCASH (RISKTE50RRCASH),TE5047_CASH,0.00,,0.00%,
BCI TOTAL FUND,SEGREGATED ASSETS,SEGREGATED ASSETS,TE50RRFI (RISKTE50RRFI),TE5044_FI,16.44,-2.59,0.01%,0.02%
BCI TOTAL FUND,SEGREGATED ASSETS,SEGREGATED ASSETS,WC1650OTHERS (RISKWC1650OTHERS),WC1650_Others,272.68,-83.12,0.19%,0.52%
BCI TOTAL FUND,SEGREGATED ASSETS,SEGREGATED ASSETS,WC50RRCASH (RISKWC50RRCASH),WC5030_CASH,-16.60,-0.01,-0.01%,0.00%
BCI TOTAL FUND,SEGREGATED ASSETS,SEGREGATED ASSETS,WC50RRCASH (RISKWC50RRCASH),WC5034_CASH,0.00,,0.00%,
BCI TOTAL FUND,SEGREGATED ASSETS,SEGREGATED ASSETS,WC50RRCASH (RISKWC50RRCASH),WC5037_CASH,0.00,,0.00%,
BCI TOTAL FUND,SEGREGATED ASSETS,SEGREGATED ASSETS,WC5RRRCASH (RISKWC5RRRCASH),WC1650_CASH,-0.56,0.00,0.00%,0.00%
BCI TOTAL FUND,SEGREGATED ASSETS,SEGREGATED ASSETS,WC5RRRCASH (RISKWC5RRRCASH),WC1667_CASH,0.00,,0.00%,
